iter	Accuracy	MultiClass
0	0.1514910447	1.944384043
1	0.1522111742	1.944165361
2	0.1550693111	1.943659721
3	0.1550807278	1.943645423
4	0.1550840744	1.943641028
